<?xml version="1.0"?>
<modification>
	<name>Custom Title and Alt Product SnowWhite</name>
	<code>Custom Title and Alt Product SnowWhite</code>
	<version>1.0</version>
	<author>SlaSoft</author>
		
	<file path="catalog/view/theme/SnowWhite/template/product/product.tpl">

		<operation>
			<search error="skip"><![CDATA[<li><a class="thumbnail" href="<?php echo $popup; ?>" title="<?php echo $image_description['title']; ?>"><img src="<?php echo $thumb; ?>" title="<?php echo $image_description['title']; ?>" alt="<?php echo $image_description['alt']; ?>" /></a></li>]]></search>
			<add position="replace"><![CDATA[<li><a class="thumbnail" href="<?php echo $popup; ?>" title="<?php echo $image_description['title']; ?>"><img src="<?php echo $thumb; ?>" title="<?php echo $image_description['title']; ?>" alt="<?php echo $image_description['alt']; ?>" /></a></li>]]></add>
		</operation>
		
		<operation>
			<search error="skip"><![CDATA[<li class="image-additional"><a class="thumbnail" href="<?php echo $image['popup']; ?>" title="<?php echo $image['image_description']['title']; ?>"> <img src="<?php echo $image['thumb']; ?>" title="<?php echo $image['image_description']['title']; ?>" alt="<?php echo $image['image_description']['alt']; ?>" /></a></li>]]></search>
			<add position="replace"><![CDATA[<li class="image-additional"><a class="thumbnail" href="<?php echo $image['popup']; ?>" title="<?php echo $image['image_description']['title']; ?>"> <img src="<?php echo $image['thumb']; ?>" title="<?php echo $image['image_description']['title']; ?>" alt="<?php echo $image['image_description']['alt']; ?>" /></a></li>]]></add>
		</operation>
		
	</file>
</modification>